{
  "name": "bondoori2",
  "version": "0.0.0",
  "license": "MIT",
  "scripts": {
    "ng": "ng",
    "start": "ng serve",
    "build": "ng build --prod",
    "test": "ng test",
    "lint": "ng lint",
    "e2e": "ng e2e"
  },
  "private": true,
  "dependencies": {
    "@angular/animations": "^5.2.3",
    "@angular/cdk": "^5.2.0",
    "@angular/common": "^5.2.0",
    "@angular/compiler": "^5.2.0",
    "@angular/core": "^5.2.0",
    "@angular/forms": "^5.2.0",
    "@angular/http": "^5.2.0",
    "@angular/material": "^5.2.0",
    "@angular/platform-browser": "^5.2.0",
    "@angular/platform-browser-dynamic": "^5.2.0",
    "@angular/router": "^5.2.0",
    "angular-froala-wysiwyg": "^2.7.5",
    "core-js": "^2.4.1",
    "crypto-js": "^3.1.9-1",
    "jquery": "^3.3.1",
    "ng2-froala-editor": "^1.0.17",
    "ng2-order-pipe": "^0.1.5",
    "ng2-pagination": "^2.0.2",
    "ng2-search-filter": "^0.4.7",
    "ngx-pagination": "^3.0.3",
    "rxjs": "^5.5.6",
    "zone.js": "^0.8.19"
  },
  "devDependencies": {
    "@angular/cli": "1.6.7",
    "@angular/compiler-cli": "^5.2.0",
    "@angular/language-service": "^5.2.0",
    "@types/jasmine": "~2.8.3",
    "@types/jasminewd2": "~2.0.2",
    "@types/node": "~6.0.60",
    "codelyzer": "^4.0.1",
    "jasmine-core": "~2.8.0",
    "jasmine-spec-reporter": "~4.2.1",
    "karma": "~2.0.0",
    "karma-chrome-launcher": "~2.2.0",
    "karma-coverage-istanbul-reporter": "^1.2.1",
    "karma-jasmine": "~1.1.0",
    "karma-jasmine-html-reporter": "^0.2.2",
    "protractor": "~5.1.2",
    "ts-node": "~4.1.0",
    "tslint": "~5.9.1",
    "typescript": "~2.5.3"
  }
}
