{
  "name": "mpover",
  "version": "0.0.1",
  "author": "Ionic Framework",
  "homepage": "http://ionicframework.com/",
  "private": true,
  "scripts": {
    "clean": "ionic-app-scripts clean",
    "build": "ionic-app-scripts build",
    "lint": "ionic-app-scripts lint",
    "ionic:build": "ionic-app-scripts build",
    "ionic:serve": "ionic-app-scripts serve"
  },
  "dependencies": {
    "@angular/animations": "^5.2.9",
    "@angular/cdk": "^5.2.4",
    "@angular/common": "5.2.9",
    "@angular/compiler": "5.2.9",
    "@angular/compiler-cli": "5.2.9",
    "@angular/core": "5.2.9",
    "@angular/forms": "5.2.9",
    "@angular/http": "5.2.9",
    "@angular/platform-browser": "5.2.9",
    "@angular/platform-browser-dynamic": "5.2.9",
    "@ionic-native/core": "4.6.0",
    "@ionic-native/network": "^4.7.0",
    "@ionic-native/splash-screen": "4.6.0",
    "@ionic-native/status-bar": "4.6.0",
    "@ionic-native/toast": "^4.7.0",
    "@ionic/storage": "2.1.3",
    "cordova": "8.0.0",
    "cordova-android": "7.0.0",
    "cordova-browser": "5.0.3",
    "cordova-ios": "4.5.4",
    "cordova-plugin-device": "^2.0.1",
    "cordova-plugin-ionic-keyboard": "^2.0.5",
    "cordova-plugin-ionic-webview": "^1.1.16",
    "cordova-plugin-network-information": "^2.0.1",
    "cordova-plugin-splashscreen": "^5.0.2",
    "cordova-plugin-whitelist": "^1.3.3",
    "cordova-plugin-x-toast": "^2.6.2",
    "ionic-angular": "3.9.2",
    "ionicons": "3.0.0",
    "ng2-order-pipe": "^0.1.5",
    "ng2-search-filter": "^0.4.7",
    "ngx-pagination": "^3.1.0",
    "rxjs": "5.5.8",
    "sw-toolbox": "3.6.0",
    "zone.js": "0.8.20"
  },
  "devDependencies": {
    "@ionic/app-scripts": "3.1.8",
    "typescript": "~2.6.2"
  },
  "description": "An Ionic project",
  "cordova": {
    "plugins": {
      "cordova-plugin-whitelist": {},
      "cordova-plugin-device": {},
      "cordova-plugin-splashscreen": {},
      "cordova-plugin-ionic-webview": {},
      "cordova-plugin-ionic-keyboard": {},
      "cordova-plugin-x-toast": {},
      "cordova-plugin-network-information": {}
    },
    "platforms": [
      "browser",
      "android",
      "ios"
    ]
  }
}